id_produto;nome;numero_produto;preco;id_subcategoria;cor;tamanho;peso;descricao;quantidade;modelo
1;Adjustable Race;AR-5381;0;38;;;;;750;
2;Bearing Ball;BA-8327;0;38;;;;;750;
3;BB Ball Bearing;BE-2349;0;38;;;;;600;
4;Headset Ball Bearings;BE-2908;0;38;;;;This bike delivers a high-level of performance on a budget. It is responsive and maneuverable. and offers peace-of-mind when you decide to go off-road.;600;
316;Blade;BL-2036;0;38;;;;For true trail addicts.  An extremely durable bike that will go anywhere and keep you in control on challenging terrain - without breaking your budget.;600;
317;LL Crankarm;CA-5965;0;38;Black;;;Serious back-country riding. Perfect for all levels of competition. Uses the same HL Frame as the Mountain-100.;375;
318;ML Crankarm;CA-6738;0;38;Black;;;Top-of-the-line competition mountain bike. Performance-enhancing options include the innovative HL Frame. super-smooth front suspension. and traction for all terrain.;375;
319;HL Crankarm;CA-7457;0;38;Black;;;Suitable for any type of off-road trip. Fits any budget.;375;
320;Chainring Bolts;CB-2903;0;38;Silver;;;Entry level adult bike. offers a comfortable ride cross-country or down the block. Quick-release hubs and rims.;750;
321;Chainring Nut;CN-6137;0;38;Silver;;;Value-priced bike with many features of our top-of-the-line models. Has the same light. stiff frame. and the quick acceleration we're famous for.;750;
322;Chainring;CR-7833;0;38;Black;;;Same technology as all of our Road series bikes. but the frame is sized for a woman.  Perfect all-around bike for road or racing.;750;
323;Crown Race;CR-9981;0;38;;;;Same technology as all of our Road series bikes.  Perfect all-around bike for road or racing.;750;
324;Chain Stays;CS-2812;0;38;;;;A true multi-sport bike that offers streamlined riding and a revolutionary design. Aerodynamic design lets you ride with the pros. and the gearing will conquer hilly roads.;750;
325;Decal 1;DC-8732;0;38;;;;Cross-train. race. or just socialize on a sleek. aerodynamic bike.  Advanced seat technology provides comfort all day.;750;
326;Decal 2;DC-9824;0;38;;;;Cross-train. race. or just socialize on a sleek. aerodynamic bike designed for a woman.  Advanced seat technology provides comfort all day.;750;
327;Down Tube;DT-2377;0;38;;;;Alluminum-alloy frame provides a light. stiff ride. whether you are racing in the velodrome or on a demanding club ride on country roads.;600;
328;Mountain End Caps;EC-M092;0;38;;;;This bike is ridden by race winners. Developed with the Adventure Works Cycles professional race team. it has a extremely light heat-treated aluminum frame. and steering that allows precision control.;750;
329;Road End Caps;EC-R098;0;38;;;;All-occasion value bike with our basic comfort and safety features. Offers wider. more stable tires for a ride around town or weekend trip.;750;
330;Touring End Caps;EC-T209;0;38;;;;The plush custom saddle keeps you riding all day.  and there's plenty of space to add panniers and bike bags to the newly-redesigned carrier.  This bike has stability when fully-loaded.;750;
331;Fork End;FE-3760;0;38;;;;Travel in style and comfort. Designed for maximum comfort and safety. Wide gear range takes on all hills. High-tech aluminum alloy construction provides durability without added weight.;600;
332;Freewheel;FH-2981;0;38;Silver;;;Superior shifting performance.;375;
341;Flat Washer 1;FW-1000;0;38;;;;Super rigid spindle.;750;
342;Flat Washer 6;FW-1200;0;38;;;;High-strength crank arm.;750;
343;Flat Washer 2;FW-1400;0;38;;;;Triple crankset. alumunim crank arm. flawless shifting.;750;
344;Flat Washer 9;FW-3400;0;38;;;;All-weather brake pads. provides superior stopping by applying more surface to the rim.;750;
345;Flat Washer 4;FW-3800;0;38;;;;Wide-link design.;750;
346;Flat Washer 3;FW-5160;0;38;;;;Stout design absorbs shock and offers more precise steering.;750;
347;Flat Washer 8;FW-5800;0;38;;;;Composite road fork with an aluminum steerer tube.;750;
348;Flat Washer 5;FW-7160;0;38;;;;High-performance carbon road fork with curved legs.;750;
349;Flat Washer 7;FW-9160;0;38;;;;Our best value utilizing the same. ground-breaking frame technology as the ML aluminum frame.;750;
350;Fork Crown;FC-3654;0;38;;;;The ML frame is a heat-treated aluminum frame made with the same detail and quality as our HL frame. It offers superior performance. Men's version.;600;
351;Front Derailleur Cage;FC-3982;0;38;Silver;;;The ML frame is a heat-treated aluminum frame made with the same detail and quality as our HL frame. It offers superior performance. Women's version.;600;
352;Front Derailleur Linkage;FL-2301;0;38;Silver;;;Each frame is hand-crafted in our Bothell facility to the optimum diameter and wall-thickness required of a premium mountain frame. The heat-treated welded aluminum frame has a larger diameter tube that absorbs the bumps.;600;
355;Guide Pulley;GP-0982;0;38;;;;Made from the same aluminum alloy as our top-of-the line HL frame. the ML features a lightweight down-tube milled to the perfect diameter for optimal strength. Women's version.;600;
356;LL Grip Tape;GT-0820;0;38;;;;Replacement mountain wheel for entry-level rider.;600;
357;ML Grip Tape;GT-1209;0;38;;;;Replacement mountain wheel for the casual to serious rider.;600;
358;HL Grip Tape;GT-2908;0;38;;;;High-performance mountain replacement wheel.;600;
359;Thin-Jam Hex Nut 9;HJ-1213;0;38;;;;Replacement road front wheel for entry-level cyclist.;750;
360;Thin-Jam Hex Nut 10;HJ-1220;0;38;;;;Sturdy alloy features a quick-release hub.;750;
361;Thin-Jam Hex Nut 1;HJ-1420;0;38;;;;Strong wheel with double-walled rim.;750;
362;Thin-Jam Hex Nut 2;HJ-1428;0;38;;;;Aerodynamic rims for smooth riding.;750;
363;Thin-Jam Hex Nut 15;HJ-3410;0;38;;;;All-purpose bar for on or off-road.;750;
364;Thin-Jam Hex Nut 16;HJ-3416;0;38;;;;Tough aluminum alloy bars for downhill.;750;
365;Thin-Jam Hex Nut 5;HJ-3816;0;38;;;;Flat bar strong enough for the pro circuit.;750;
366;Thin-Jam Hex Nut 6;HJ-3824;0;38;;;;Unique shape provides easier reach to the levers.;750;
367;Thin-Jam Hex Nut 3;HJ-5161;0;38;;;;Anatomically shaped aluminum tube bar will suit all riders.;750;
368;Thin-Jam Hex Nut 4;HJ-5162;0;38;;;;Designed for racers. high-end anatomically shaped bar from aluminum alloy.;750;
369;Thin-Jam Hex Nut 13;HJ-5811;0;38;;;;Unique shape reduces fatigue for entry level riders.;750;
370;Thin-Jam Hex Nut 14;HJ-5818;0;38;;;;A light yet stiff aluminum bar for long distance riding.;750;
371;Thin-Jam Hex Nut 7;HJ-7161;0;38;;;;Threadless headset provides quality at an economical price.;750;
372;Thin-Jam Hex Nut 8;HJ-7162;0;38;;;;Sealed cartridge keeps dirt out.;750;
373;Thin-Jam Hex Nut 12;HJ-9080;0;38;;;;High-quality 1 threadless headset with a grease port for quick lubrication.;750;
374;Thin-Jam Hex Nut 11;HJ-9161;0;38;;;;Expanded platform so you can ride in any shoes. great for all-around riding.;750;
375;Hex Nut 5;HN-1024;0;38;;;;Lightweight. durable. clipless pedal with adjustable tension.;750;
376;Hex Nut 6;HN-1032;0;38;;;;Stainless steel. designed to shed mud easily.;750;
377;Hex Nut 16;HN-1213;0;38;;;;Clipless pedals - aluminum.;750;
378;Hex Nut 17;HN-1220;0;38;;;;Lightweight aluminum alloy construction.;750;
379;Hex Nut 7;HN-1224;0;38;;;;Top-of-the-line clipless pedals with adjustable tension.;750;
380;Hex Nut 8;HN-1420;0;38;;;;A stable pedal for all-day riding.;750;
381;Hex Nut 9;HN-1428;0;38;;;;Refillable shoes. polished aluminum calipers.;750;
382;Hex Nut 22;HN-3410;0;38;;;;10-speed aluminum derailleur with sealed pulley bearings.;750;
383;Hex Nut 23;HN-3416;0;38;;;;Replacement rear mountain wheel for entry-level rider.;750;
384;Hex Nut 12;HN-3816;0;38;;;;Replacement rear mountain wheel for the casual to serious rider.;750;
385;Hex Nut 13;HN-3824;0;38;;;;Extra-strong rims guarantee durability.;750;
386;Hex Nut 1;HN-4402;0;38;;;;Replacement rear wheel for entry-level cyclist.;750;
387;Hex Nut 10;HN-5161;0;38;;;;Aluminum alloy rim with stainless steel spokes. built for speed.;750;
388;Hex Nut 11;HN-5162;0;38;;;;Strong rear wheel with double-walled rim.;750;
389;Hex Nut 2;HN-5400;0;38;;;;Excellent aerodynamic rims guarantee a smooth ride.;750;
390;Hex Nut 20;HN-5811;0;38;;;;Synthetic leather. Features gel for increased comfort.;750;
391;Hex Nut 21;HN-5818;0;38;;;;Designed to absorb shock.;750;
392;Hex Nut 3;HN-6320;0;38;;;;Anatomic design for a full-day of riding in comfort. Durable leather.;750;
393;Hex Nut 14;HN-7161;0;38;;;;Lightweight foam-padded saddle.;750;
394;Hex Nut 15;HN-7162;0;38;;;;Rubber bumpers absorb bumps.;750;
395;Hex Nut 4;HN-8320;0;38;;;;Lightweight kevlar racing saddle. Leather.;750;
396;Hex Nut 18;HN-9161;0;38;;;;Comfortable. ergonomically shaped gel saddle.;750;
397;Hex Nut 19;HN-9168;0;38;;;;New design relieves pressure for long rides.;750;
398;Handlebar Tube;HT-2981;0;38;;;;Cut-out shell for a more comfortable ride.;600;
399;Head Tube;HT-8019;0;38;;;;Comparible traction. less expensive wire bead casing.;600;
400;LL Hub;HU-6280;0;38;;;;Great traction. high-density rubber.;375;
401;HL Hub;HU-8998;0;38;;;;Incredible traction. lightweight carbon reinforced.;375;
402;Keyed Washer;KW-4091;0;38;;;;Same great treads as more expensive tire with a less expensive wire bead casing.;750;
403;External Lock Washer 3;LE-1000;0;38;;;;Higher density rubber.;750;
404;External Lock Washer 4;LE-1200;0;38;;;;Lightweight carbon reinforced  for an unrivaled ride at an un-compromised weight.;750;
405;External Lock Washer 9;LE-1201;0;38;;;;High-density rubber.;750;
406;External Lock Washer 5;LE-1400;0;38;;;;Self-sealing tube.;750;
407;External Lock Washer 7;LE-3800;0;38;;;;Conventional all-purpose tube.;750;
408;External Lock Washer 6;LE-5160;0;38;;;;General purpose tube.;750;
409;External Lock Washer 1;LE-6000;0;38;;;;The LL Frame provides a safe comfortable ride. while offering superior bump absorption in a value-priced aluminum frame.;750;
410;External Lock Washer 8;LE-7160;0;38;;;;Made from the same aluminum alloy as our top-of-the line HL frame. the ML features a lightweight down-tube milled to the perfect diameter for optimal strength. Men's version.;750;
411;External Lock Washer 2;LE-8000;0;38;;;;Our lightest and best quality aluminum frame made from the newest alloy. it is welded and heat-treated for strength. Our innovative design results in maximum comfort and performance.;750;
412;Internal Lock Washer 3;LI-1000;0;38;;;;Lightweight butted aluminum frame provides a more upright riding position for a trip around town.  Our ground-breaking design provides optimum comfort.;750;
413;Internal Lock Washer 4;LI-1200;0;38;;;;The HL aluminum frame is custom-shaped for both good looks and strength. it will withstand the most rigorous challenges of daily riding. Men's version.;750;
414;Internal Lock Washer 9;LI-1201;0;38;;;;Affordable light for safe night riding - uses 3 AAA batteries;750;
415;Internal Lock Washer 5;LI-1400;0;38;;;;Aluminum cage is lighter than our mountain version. perfect for long distance trips.;750;
416;Internal Lock Washer 7;LI-3800;0;38;;;;AWC logo water bottle - holds 30 oz. leak-proof.;750;
417;Internal Lock Washer 6;LI-5160;0;38;;;;Carries 4 bikes securely. steel construction. fits 2 receiver hitch.;750;
418;Internal Lock Washer 10;LI-5800;0;38;;;;Clip-on fenders fit most mountain bikes.;750;
419;Internal Lock Washer 1;LI-6000;0;38;;;;Combination of natural and synthetic fibers stays dry and provides just the right cushioning.;750;
420;Internal Lock Washer 8;LI-7160;0;38;;;;Designed for convenience. Fits in your pocket. Aluminum barrel. 160psi rated.;750;
421;Internal Lock Washer 2;LI-8000;0;38;;;;Designed for the AWC team with stay-put straps. moisture-control. chamois padding. and leg grippers.;750;
422;Thin-Jam Lock Nut 9;LJ-1213;0;38;;;;Durable. water-proof nylon construction with easy access. Large enough for weekend trips.;750;
423;Thin-Jam Lock Nut 10;LJ-1220;0;38;;;;Full padding. improved finger flex. durable palm. adjustable closure.;750;
424;Thin-Jam Lock Nut 1;LJ-1420;0;38;;;;Synthetic palm. flexible knuckles. breathable mesh upper. Worn by the AWC team riders.;750;
425;Thin-Jam Lock Nut 2;LJ-1428;0;38;;;;Heavy duty. abrasion-resistant shorts feature seamless. lycra inner shorts with anti-bacterial chamois for comfort.;750;
426;Thin-Jam Lock Nut 15;LJ-3410;0;38;;;;Includes 8 different size patches. glue and sandpaper.;750;
427;Thin-Jam Lock Nut 16;LJ-3416;0;38;;;;Light-weight. wind-resistant. packs to fit into a pocket.;750;
428;Thin-Jam Lock Nut 5;LJ-3816;0;38;;;;Men's 8-panel racing shorts - lycra with an elastic waistband and leg grippers.;750;
429;Thin-Jam Lock Nut 6;LJ-3824;0;38;;;;Perfect all-purpose bike stand for working on your bike at home. Quick-adjusting clamps and steel construction.;750;
430;Thin-Jam Lock Nut 3;LJ-5161;0;38;;;;Rechargeable dual-beam headlight.;750;
431;Thin-Jam Lock Nut 4;LJ-5162;0;38;;;;Rugged weatherproof headlight.;750;
432;Thin-Jam Lock Nut 13;LJ-5811;0;38;;;;Short sleeve classic breathable jersey with superior moisture control. front zipper. and 3 back pockets.;750;
433;Thin-Jam Lock Nut 14;LJ-5818;0;38;;;;Simple and light-weight. Emergency patches stored in handle.;750;
434;Thin-Jam Lock Nut 7;LJ-7161;0;38;;;;Thin. lightweight and durable with cuffs that stay up.;750;
435;Thin-Jam Lock Nut 8;LJ-7162;0;38;;;;Tough aluminum cage holds bottle securly on tough terrain.;750;
436;Thin-Jam Lock Nut 12;LJ-9080;0;38;;;;Traditional style with a flip-up brim. one-size fits all.;750;
437;Thin-Jam Lock Nut 11;LJ-9161;0;38;;;;Unisex long-sleeve AWC logo microfiber cycling jersey;750;
438;Lock Nut 5;LN-1024;0;38;;;;Universal fit. well-vented. lightweight . snap-on visor.;750;
439;Lock Nut 6;LN-1032;0;38;;;;Versatile 70 oz hydration pack offers extra storage. easy-fill access. and a waist belt.;750;
440;Lock Nut 16;LN-1213;0;38;;;;Warm spandex tights for winter riding. seamless chamois construction eliminates pressure points.;750;
441;Lock Nut 17;LN-1220;0;38;;;;Washes off the toughest road grime. dissolves grease. environmentally safe. 1-liter bottle.;750;
442;Lock Nut 7;LN-1224;0;38;;;;Wraps to fit front and rear tires. carrier and 2 keys included.;750;
443;Lock Nut 8;LN-1420;0;38;;;;;750;
444;Lock Nut 9;LN-1428;0;38;;;;;750;
445;Lock Nut 22;LN-3410;0;38;;;;;750;
446;Lock Nut 23;LN-3416;0;38;;;;;750;
447;Lock Nut 12;LN-3816;0;38;;;;;750;
448;Lock Nut 13;LN-3824;0;38;;;;;750;
449;Lock Nut 1;LN-4400;0;38;;;;;750;
450;Lock Nut 10;LN-5161;0;38;;;;;750;
451;Lock Nut 11;LN-5162;0;38;;;;;750;
452;Lock Nut 2;LN-5400;0;38;;;;;750;
453;Lock Nut 20;LN-5811;0;38;;;;;750;
454;Lock Nut 21;LN-5818;0;38;;;;;750;
455;Lock Nut 3;LN-6320;0;38;;;;;750;
456;Lock Nut 14;LN-7161;0;38;;;;;750;
457;Lock Nut 15;LN-7162;0;38;;;;;750;
458;Lock Nut 4;LN-8320;0;38;;;;;750;
459;Lock Nut 19;LN-9080;0;38;;;;;750;
460;Lock Nut 18;LN-9161;0;38;;;;;750;
461;Lock Ring;LR-2398;0;38;Silver;;;;750;
462;Lower Head Race;LR-8520;0;38;;;;;750;
463;Lock Washer 4;LW-1000;0;38;;;;;750;
464;Lock Washer 5;LW-1200;0;38;;;;;750;
465;Lock Washer 10;LW-1201;0;38;;;;;750;
466;Lock Washer 6;LW-1400;0;38;;;;;750;
467;Lock Washer 13;LW-3400;0;38;;;;;750;
468;Lock Washer 8;LW-3800;0;38;;;;;750;
469;Lock Washer 1;LW-4000;0;38;;;;;750;
470;Lock Washer 7;LW-5160;0;38;;;;;750;
471;Lock Washer 12;LW-5800;0;38;;;;;750;
472;Lock Washer 2;LW-6000;0;38;;;;;750;
473;Lock Washer 9;LW-7160;0;38;;;;;750;
474;Lock Washer 3;LW-8000;0;38;;;;;750;
475;Lock Washer 11;LW-9160;0;38;;;;;750;
476;Metal Angle;MA-7075;0;38;;;;;750;
477;Metal Bar 1;MB-2024;0;38;;;;;750;
478;Metal Bar 2;MB-6061;0;38;;;;;750;
479;Metal Plate 2;MP-2066;0;38;;;;;750;
480;Metal Plate 1;MP-2503;0;38;;;;;750;
481;Metal Plate 3;MP-4960;0;38;;;;;750;
482;Metal Sheet 2;MS-0253;0;38;;;;;750;
483;Metal Sheet 3;MS-1256;0;38;;;;;750;
484;Metal Sheet 7;MS-1981;0;38;;;;;750;
485;Metal Sheet 4;MS-2259;0;38;;;;;750;
486;Metal Sheet 5;MS-2341;0;38;;;;;750;
487;Metal Sheet 6;MS-2348;0;38;;;;;750;
488;Metal Sheet 1;MS-6061;0;38;;;;;750;
489;Metal Tread Plate;MT-1000;0;38;;;;;750;
490;LL Nipple;NI-4127;0;38;;;;;750;
491;HL Nipple;NI-9522;0;38;;;;;750;
492;Paint - Black;PA-187B;0;38;;;;;45;
493;Paint - Red;PA-361R;0;38;;;;;45;
494;Paint - Silver;PA-529S;0;38;;;;;45;
495;Paint - Blue;PA-632U;0;38;;;;;45;
496;Paint - Yellow;PA-823Y;0;38;;;;;45;
497;Pinch Bolt;PB-6109;0;38;;;;;750;
504;Cup-Shaped Race;RA-2345;0;38;;;;;750;
505;Cone-Shaped Race;RA-7490;0;38;;;;;750;
506;Reflector;RF-9198;0;38;;;;;750;
507;LL Mountain Rim;RM-M464;0;38;;;435;;600;
508;ML Mountain Rim;RM-M692;0;38;;;450;;600;
509;HL Mountain Rim;RM-M823;0;38;;;400;;600;
510;LL Road Rim;RM-R436;0;38;;;445;;600;
511;ML Road Rim;RM-R600;0;38;;;450;;600;
512;HL Road Rim;RM-R800;0;38;;;400;;600;
513;Touring Rim;RM-T801;0;38;;;460;;600;
514;LL Mountain Seat Assembly;SA-M198;133.34;38;;;;;375;
515;ML Mountain Seat Assembly;SA-M237;147.14;38;;;;;375;
516;HL Mountain Seat Assembly;SA-M687;196.92;38;;;;;375;
517;LL Road Seat Assembly;SA-R127;133.34;38;;;;;375;
518;ML Road Seat Assembly;SA-R430;147.14;38;;;;;375;
519;HL Road Seat Assembly;SA-R522;196.92;38;;;;;375;
520;LL Touring Seat Assembly;SA-T467;133.34;38;;;;;375;
521;ML Touring Seat Assembly;SA-T612;147.14;38;;;;;375;
522;HL Touring Seat Assembly;SA-T872;196.92;38;;;;;375;
523;LL Spindle/Axle;SD-2342;0;38;;;;;375;
524;HL Spindle/Axle;SD-9872;0;38;;;;;375;
525;LL Shell;SH-4562;0;38;;;;;600;
526;HL Shell;SH-9312;0;38;;;;;600;
527;Spokes;SK-9283;0;38;;;;;750;
528;Seat Lug;SL-0931;0;38;;;;;750;
529;Stem;SM-9087;0;38;;;;;375;
530;Seat Post;SP-2981;0;38;;;;;375;
531;Steerer;SR-2098;0;38;;;;;375;
532;Seat Stays;SS-2985;0;38;;;;;600;
533;Seat Tube;ST-9828;0;38;;;;;375;
534;Top Tube;TO-2301;0;38;;;;;375;
535;Tension Pulley;TP-0923;0;38;;;;;600;
679;Rear Derailleur Cage;RC-0291;0;38;Silver;;;;375;
680;HL Road Frame - Black. 58;FR-R92B-58;1431.5;14;Black;58;2.24;;375;6
706;HL Road Frame - Red. 58;FR-R92R-58;1431.5;14;Red;58;2.24;;375;6
707;Sport-100 Helmet. Red;HL-U509-R;34.99;31;Red;;;;3;33
708;Sport-100 Helmet. Black;HL-U509;34.99;31;Black;;;;3;33
709;Mountain Bike Socks. M;SO-B909-M;9.5;23;White;M;;;3;18
710;Mountain Bike Socks. L;SO-B909-L;9.5;23;White;L;;;3;18
711;Sport-100 Helmet. Blue;HL-U509-B;34.99;31;Blue;;;;3;33
712;AWC Logo Cap;CA-1098;8.99;19;Multi;;;;3;2
713;Long-Sleeve Logo Jersey. S;LJ-0192-S;49.99;21;Multi;S;;;3;11
714;Long-Sleeve Logo Jersey. M;LJ-0192-M;49.99;21;Multi;M;;;3;11
715;Long-Sleeve Logo Jersey. L;LJ-0192-L;49.99;21;Multi;L;;;3;11
716;Long-Sleeve Logo Jersey. XL;LJ-0192-X;49.99;21;Multi;XL;;;3;11
717;HL Road Frame - Red. 62;FR-R92R-62;1431.5;14;Red;62;2.3;;375;6
718;HL Road Frame - Red. 44;FR-R92R-44;1431.5;14;Red;44;2.12;;375;6
719;HL Road Frame - Red. 48;FR-R92R-48;1431.5;14;Red;48;2.16;;375;6
720;HL Road Frame - Red. 52;FR-R92R-52;1431.5;14;Red;52;2.2;;375;6
721;HL Road Frame - Red. 56;FR-R92R-56;1431.5;14;Red;56;2.24;;375;6
722;LL Road Frame - Black. 58;FR-R38B-58;337.22;14;Black;58;2.46;;375;9
723;LL Road Frame - Black. 60;FR-R38B-60;337.22;14;Black;60;2.48;;375;9
724;LL Road Frame - Black. 62;FR-R38B-62;337.22;14;Black;62;2.5;;375;9
725;LL Road Frame - Red. 44;FR-R38R-44;337.22;14;Red;44;2.32;;375;9
726;LL Road Frame - Red. 48;FR-R38R-48;337.22;14;Red;48;2.36;;375;9
727;LL Road Frame - Red. 52;FR-R38R-52;337.22;14;Red;52;2.4;;375;9
728;LL Road Frame - Red. 58;FR-R38R-58;337.22;14;Red;58;2.46;;375;9
729;LL Road Frame - Red. 60;FR-R38R-60;337.22;14;Red;60;2.48;;375;9
730;LL Road Frame - Red. 62;FR-R38R-62;337.22;14;Red;62;2.5;;375;9
731;ML Road Frame - Red. 44;FR-R72R-44;594.83;14;Red;44;2.22;;375;16
732;ML Road Frame - Red. 48;FR-R72R-48;594.83;14;Red;48;2.26;;375;16
733;ML Road Frame - Red. 52;FR-R72R-52;594.83;14;Red;52;2.3;;375;16
734;ML Road Frame - Red. 58;FR-R72R-58;594.83;14;Red;58;2.36;;375;16
735;ML Road Frame - Red. 60;FR-R72R-60;594.83;14;Red;60;2.38;;375;16
736;LL Road Frame - Black. 44;FR-R38B-44;337.22;14;Black;44;2.32;;375;9
737;LL Road Frame - Black. 48;FR-R38B-48;337.22;14;Black;48;2.36;;375;9
738;LL Road Frame - Black. 52;FR-R38B-52;337.22;14;Black;52;2.4;;375;9
739;HL Mountain Frame - Silver. 42;FR-M94S-42;1364.5;12;Silver;42;2.72;Acier chromé.;375;5
740;HL Mountain Frame - Silver. 44;FR-M94S-44;1364.5;12;Silver;44;2.76;Cuvettes en alliage d'aluminium . axe de grand diamètre.;375;5
741;HL Mountain Frame - Silver. 48;FR-M94S-52;1364.5;12;Silver;48;2.8;Cuvettes en alliage d'aluminium et axe creux.;375;5
742;HL Mountain Frame - Silver. 46;FR-M94S-46;1364.5;12;Silver;46;2.84;Adapté à tous les usages. sur route ou tout-terrain. Pour toutes les bourses. Changement de braquet en douceur et conduite confortable.;375;5
743;HL Mountain Frame - Black. 42;FR-M94B-42;1349.6;12;Black;42;2.72;Ce vélo offre un excellent rapport qualité-prix. Vif et facile à manœuvrer. il se conduit en toute tranquillité sur les chemins et les sentiers.;375;5
744;HL Mountain Frame - Black. 44;FR-M94B-44;1349.6;12;Black;44;2.76;Pour les véritables passionnés du VTT. Un vélo extrêmement robuste qui vous permettra d'aller partout. même sur les terrains difficiles. pour un budget raisonnable.;375;5
745;HL Mountain Frame - Black. 48;FR-M94B-48;1349.6;12;Black;48;2.8;Conduite sur terrains très accidentés. Idéal pour tous les niveaux de compétition. Utilise le même cadre HL que le Montain-100.;375;5
746;HL Mountain Frame - Black. 46;FR-M94B-46;1349.6;12;Black;46;2.84;VTT de compétition haut de gamme. Plusieurs options d'amélioration des performances : cadre HL. suspension avant particulièrement souple et traction adaptée à tous les terrains.;375;5
747;HL Mountain Frame - Black. 38;FR-M94B-38;1349.6;12;Black;38;2.68;Adapté à tous les terrains. Pour toutes les bourses.;375;5
748;HL Mountain Frame - Silver. 38;FR-M94S-38;1364.5;12;Silver;38;2.68;Vélo d'adulte d'entrée de gamme . permet une conduite confortable en ville ou sur les chemins de campagne. Moyeux et rayons à blocage rapide.;375;5
749;Road-150 Red. 62;BK-R93R-62;3578.27;2;Red;62;15;Vélo très séduisant comportant de nombreuses caractéristiques des modèles haut de gamme. Bénéficie du cadre léger et rigide. mais aussi de la ligne performante qui ont fait notre réputation.;75;25
750;Road-150 Red. 44;BK-R93R-44;3578.27;2;Red;44;13.77;Équipé de la même technologie que tous nos vélos de route. avec un cadre femmes. Idéal pour la promenade ou la course sur route.;75;25
751;Road-150 Red. 48;BK-R93R-48;3578.27;2;Red;48;14.13;Équipé de la même technologie que tous nos vélos de route. Idéal pour la promenade ou la course sur route.;75;25
752;Road-150 Red. 52;BK-R93R-52;3578.27;2;Red;52;14.42;Un véritable vélo multi-sports. qui offre une conduite optimisée et une ligne révolutionnaire. Sa ligne aérodynamique vous permet de l'utiliser en course et ses vitesses de gravir les cols.;75;25
753;Road-150 Red. 56;BK-R93R-56;3578.27;2;Red;56;14.68;VTT. course ou promenade entre amis sur un vélo aérodynamique et léger. Bénéficie d'un système de selle perfectionné qui offre un confort optimal.;75;25
754;Road-450 Red. 58;BK-R68R-58;1457.99;2;Red;58;17.79;Tout terrain. course ou promenade entre amis sur un vélo aérodynamique et léger (cadre femmes). Bénéficie d'un système de selle perfectionné qui offre un confort optimal.;75;28
755;Road-450 Red. 60;BK-R68R-60;1457.99;2;Red;60;17.9;Cadre en alliage d'aluminium qui offre une conduite légère et rapide. sur pistes ou sur routes de campagne.;75;28
756;Road-450 Red. 44;BK-R68R-44;1457.99;2;Red;44;16.77;Ce vélo est destiné aux champions cyclistes. Mis au point par une équipe cycliste professionnelle. ce vélo possède un cadre en aluminium traité à chaud extrêmement léger et un guidon qui permet une conduite très précise.;75;28
757;Road-450 Red. 48;BK-R68R-48;1457.99;2;Red;48;17.13;Vélo de qualité pour tous usages. doté d'un bon niveau de confort et de sécurité. Présente des pneus plus larges et plus stables pour les sorties en ville ou les randonnées du week-end.;75;28
758;Road-450 Red. 52;BK-R68R-52;1457.99;2;Red;52;17.42;La selle rembourrée offre un confort optimal. Le porte-bagages nouvellement remanié offre diverses possibilités d'ajout de paniers ou de sacoches. Ce vélo reste parfaitement stable une fois chargé.;75;28
759;Road-650 Red. 58;BK-R50R-58;782.99;2;Red;58;19.79;Voyagez confortablement et avec élégance. Confort et sécurité maximum. Large éventail de vitesses pour gravir toutes les côtes. Sa fabrication en alliage d'aluminium haute technologie est synonyme de robustesse. sans ajout de poids.;75;30
760;Road-650 Red. 60;BK-R50R-60;782.99;2;Red;60;19.9;Système de changement de vitesse très performant.;75;30
761;Road-650 Red. 62;BK-R50R-62;782.99;2;Red;62;20;Axe très rigide.;75;30
762;Road-650 Red. 44;BK-R50R-44;782.99;2;Red;44;18.77;Manivelle haute résistance.;75;30
763;Road-650 Red. 48;BK-R50R-48;782.99;2;Red;48;19.13;Pédalier triple plateaux . manivelle en aluminium . changement de braquet impeccable.;75;30
764;Road-650 Red. 52;BK-R50R-52;782.99;2;Red;52;19.42;Patins de freinage pour tous les temps . freinage renforcé par l'application d'une plus grande surface sur la jante.;75;30
765;Road-650 Black. 58;BK-R50B-58;782.99;2;Black;58;19.79;Conception liaison large.;75;30
766;Road-650 Black. 60;BK-R50B-60;782.99;2;Black;60;19.9;Conception robuste permettant d'absorber les chocs et d'offrir une conduite plus précise.;75;30
767;Road-650 Black. 62;BK-R50B-62;782.99;2;Black;62;20;Fourche composite pour route avec tube de direction en aluminium.;75;30
768;Road-650 Black. 44;BK-R50B-44;782.99;2;Black;44;18.77;Fourche pour route en carbone hautes performances avec bras incurvés.;75;30
769;Road-650 Black. 48;BK-R50B-48;782.99;2;Black;48;19.13;Utilise la même technologie de cadre que celle adoptée sur le cadre en aluminium ML.;75;30
770;Road-650 Black. 52;BK-R50B-52;782.99;2;Black;52;19.42;Le cadre ML est un cadre en aluminium traité à chaud fabriqué avec le même niveau de détail et de qualité que notre cadre HL. Il offre des performances exceptionnelles. Version hommes.;75;30
771;Mountain-100 Silver. 38;BK-M82S-38;3399.99;1;Silver;38;20.35;Le cadre ML est un cadre en aluminium traité à chaud fabriqué avec le même niveau de détail et de qualité que notre cadre HL. Il offre des performances exceptionnelles. Version femmes.;75;19
772;Mountain-100 Silver. 42;BK-M82S-42;3399.99;1;Silver;42;20.77;Doté du même alliage en aluminium que notre cadre HL haut de gamme. le ML possède un tube léger dont le diamètre est prévu pour offrir une résistance optimale. Version femmes.;75;19
773;Mountain-100 Silver. 44;BK-M82S-44;3399.99;1;Silver;44;21.13;Roue de secours tout-terrain pour vététiste occasionnel.;75;19
774;Mountain-100 Silver. 48;BK-M82S-48;3399.99;1;Silver;48;21.42;Roue de secours tout-terrain pour vététiste amateur à confirmé.;75;19
775;Mountain-100 Black. 38;BK-M82B-38;3374.99;1;Black;38;20.35;Roue de secours tout-terrain hautes performances.;75;19
776;Mountain-100 Black. 42;BK-M82B-42;3374.99;1;Black;42;20.77;Roue avant pour vélo de route pour cycliste occasionnel.;75;19
777;Mountain-100 Black. 44;BK-M82B-44;3374.99;1;Black;44;21.13;Alliage robuste avec moyeu à blocage rapide.;75;19
778;Mountain-100 Black. 48;BK-M82B-48;3374.99;1;Black;48;21.42;Roue solide avec jante double paroi.;75;19
779;Mountain-200 Silver. 38;BK-M68S-38;2319.99;1;Silver;38;23.35;Jantes aérodynamiques pour conduite en souplesse.;75;20
780;Mountain-200 Silver. 42;BK-M68S-42;2319.99;1;Silver;42;23.77;Barre d'appui tous usages pour conduite sur route ou tout-terrain.;75;20
781;Mountain-200 Silver. 46;BK-M68S-46;2319.99;1;Silver;46;24.13;Barres d'appui en alliage d'aluminium solide pour descente.;75;20
782;Mountain-200 Black. 38;BK-M68B-38;2294.99;1;Black;38;23.35;Barre d'appui plate suffisamment solide pour le circuit professionnel.;75;20
783;Mountain-200 Black. 42;BK-M68B-42;2294.99;1;Black;42;23.77;Forme très réussie destinée à faciliter l'accès aux leviers.;75;20
784;Mountain-200 Black. 46;BK-M68B-46;2294.99;1;Black;46;24.13;Barre d'appui avec tube en aluminium ergonomique pour répondre aux besoins de tous les cyclistes.;75;20
785;Mountain-300 Black. 38;BK-M47B-38;1079.99;1;Black;38;25.35;Conçu pour la compétition . barre d'appui ergonomique haut de gamme en alliage d'aluminium.;75;21
786;Mountain-300 Black. 40;BK-M47B-40;1079.99;1;Black;40;25.77;Forme très réussie destinée à diminuer la fatigue des cyclistes occasionnels.;75;21
787;Mountain-300 Black. 44;BK-M47B-44;1079.99;1;Black;44;26.13;Barre d'appui en aluminium légère et solide pour les longues randonnées.;75;21
788;Mountain-300 Black. 48;BK-M47B-48;1079.99;1;Black;48;26.42;Jeu de direction de qualité sans filetage à un prix abordable.;75;21
789;Road-250 Red. 44;BK-R89R-44;2443.35;2;Red;44;14.77;Boîtier de protection hermétique.;75;26
790;Road-250 Red. 48;BK-R89R-48;2443.35;2;Red;48;15.13;Jeu de direction sans filetage 2.54 cm de grande qualité avec un dispositif de lubrification rapide.;75;26
791;Road-250 Red. 52;BK-R89R-52;2443.35;2;Red;52;15.42;Plate-forme allongée permettant de rouler avec tous types de chaussures . idéal pour la randonnée.;75;26
792;Road-250 Red. 58;BK-R89R-58;2443.35;2;Red;58;15.79;Pédales automatiques légères et robustes avec tension réglable.;75;26
793;Road-250 Black. 44;BK-R89B-44;2443.35;2;Black;44;14.77;Acier inoxydable . facile à nettoyer.;75;26
794;Road-250 Black. 48;BK-R89B-48;2443.35;2;Black;48;15.13;Pédales automatiques - aluminium.;75;26
795;Road-250 Black. 52;BK-R89B-52;2443.35;2;Black;52;15.42;Fabrication en alliage d'aluminium léger.;75;26
796;Road-250 Black. 58;BK-R89B-58;2443.35;2;Black;58;15.68;Pédales automatiques haut de gamme avec tension réglable.;75;26
797;Road-550-W Yellow. 38;BK-R64Y-38;1120.49;2;Yellow;38;17.35;Pédale stable pour longs trajets.;75;29
798;Road-550-W Yellow. 40;BK-R64Y-40;1120.49;2;Yellow;40;17.77;Bouchon de remplissage . étriers en aluminium poli.;75;29
799;Road-550-W Yellow. 42;BK-R64Y-42;1120.49;2;Yellow;42;18.13;Dérailleur en aluminium 10 vitesses avec supports de galet hermétiques.;75;29
800;Road-550-W Yellow. 44;BK-R64Y-44;1120.49;2;Yellow;44;18.42;Roue de secours tout-terrain arrière pour vététiste occasionnel.;75;29
801;Road-550-W Yellow. 48;BK-R64Y-48;1120.49;2;Yellow;48;18.68;Roue de secours tout-terrain arrière pour vététiste amateur à confirmé.;75;29
802;LL Fork;FK-1639;148.22;10;;;;Jantes très robustes. solidité garantie.;375;104
803;ML Fork;FK-5136;175.49;10;;;;Roue de secours arrière pour cycliste occasionnel.;375;105
804;HL Fork;FK-9939;229.49;10;;;;Jante en alliage d'aluminium avec rayons en acier inoxydable . pour une vitesse optimale.;375;106
805;LL Headset;HS-0296;34.2;11;;;;Roue arrière solide avec jante doublée.;375;59
806;ML Headset;HS-2451;102.29;11;;;;Excellentes jantes aérodynamiques pour une conduite en souplesse.;375;60
807;HL Headset;HS-3479;124.73;11;;;;Cuir synthétique. Confort amélioré grâce au couvre-selle en gel.;375;61
808;LL Mountain Handlebars;HB-M243;44.54;4;;;;Conçu pour absorber les chocs.;375;52
809;ML Mountain Handlebars;HB-M763;61.92;4;;;;Conception ergonomique pour randonnée longue distance confortable. Cuir de qualité.;375;54
810;HL Mountain Handlebars;HB-M918;120.27;4;;;;Selle légère avec renfort en mousse.;375;55
811;LL Road Handlebars;HB-R504;44.54;4;;;;Amortisseurs en caoutchouc pour absorber les bosses.;375;56
812;ML Road Handlebars;HB-R720;61.92;4;;;;Selle de course légère en Kevlar. Cuir.;375;57
813;HL Road Handlebars;HB-R956;120.27;4;;;;Selle confortable et ergonomique profilée avec couvre-selle en gel.;375;58
814;ML Mountain Frame - Black. 38;FR-M63B-38;348.76;12;Black;38;2.73;Nouvelle conception pour éviter la fatigue lors des longues randonnées.;375;15
815;LL Mountain Front Wheel;FW-M423;60745;17;Black;;;Cadre profilé pour améliorer le confort.;375;42
816;ML Mountain Front Wheel;FW-M762;209025;17;Black;;;Traction comparable aux modèles haut de gamme. gomme de pneu moins chère.;375;45
817;HL Mountain Front Wheel;FW-M928;300215;17;Black;;;Grande traction. caoutchouc haute densité.;375;46
818;LL Road Front Wheel;FW-R623;85565;17;Black;;900;Traction exceptionnelle . carbone léger renforcé.;375;49
819;ML Road Front Wheel;FW-R762;248385;17;Black;;850;Même dessin que les pneus plus chers. mais doté d'une gomme moins chère.;375;50
820;HL Road Front Wheel;FW-R820;330.06;17;Black;;650;Caoutchouc plus dense que sur les autres modèles.;375;51
821;Touring Front Wheel;FW-T905;218.01;17;Black;;;Carbone léger renforcé pour un confort de conduite inégalé. sans ajout de poids.;375;44
822;ML Road Frame-W - Yellow. 38;FR-R72Y-38;594.83;14;Yellow;38;2.18;Caoutchouc haute densité.;375;17
823;LL Mountain Rear Wheel;RW-M423;87745;17;Black;;;Tube à autovulcanisation.;375;123
824;ML Mountain Rear Wheel;RW-M762;236025;17;Black;;;Tube classique tous usages.;375;124
825;HL Mountain Rear Wheel;RW-M928;327215;17;Black;;;Tube à usage générique.;375;125
826;LL Road Rear Wheel;RW-R623;112565;17;Black;;1050;Le cadre LL en aluminium offre une conduite confortable. une excellente absorption des bosses pour un très bon rapport qualité-prix.;375;126
827;ML Road Rear Wheel;RW-R762;275385;17;Black;;1000;Doté du même alliage en aluminium que notre cadre HL haut de gamme. le ML possède un tube léger dont le diamètre est prévu pour offrir une résistance optimale. Version hommes.;375;77
828;HL Road Rear Wheel;RW-R820;357.06;17;Black;;890;Notre cadre en aluminium plus léger et de qualité supérieure fabriqué à partir du tout dernier alliage . cadre soudé et traité à chaud pour une meilleure résistance. Le résultat d'une conception innovante pour un confort et des performances maximum.;375;78
829;Touring Rear Wheel;RW-T905;245.01;17;Black;;;Cadre renforcé léger pour une position plus droite . idéal pour les promenades en ville. Ligne remarquable pour un confort optimal.;375;43
830;ML Mountain Frame - Black. 40;FR-M63B-40;348.76;12;Black;40;2.77;Le cadre HL est profilé afin d'associer élégance et robustesse . il est prévu pour résister à une utilisation quotidienne intensive. Version hommes.;375;14
831;ML Mountain Frame - Black. 44;FR-M63B-44;348.76;12;Black;44;2.81;Éclairage peu onéreux pour la conduite de nuit - utilise 3 piles AAA.;375;14
832;ML Mountain Frame - Black. 48;FR-M63B-48;348.76;12;Black;48;2.85;Le porte-bidon en aluminium est plus léger que la version VTT . idéal pour les longues randonnées.;375;14
833;ML Road Frame-W - Yellow. 40;FR-R72Y-40;594.83;14;Yellow;40;2.22;Bidon d'eau avec le logo de l'équipe AWC - capacité 0.75 litre. entièrement étanche.;375;17
834;ML Road Frame-W - Yellow. 42;FR-R72Y-42;594.83;14;Yellow;42;2.26;Porte-vélo sécurisé pour 4 vélos . fabrication en acier . adaptable sur attache-remorque.;375;17
835;ML Road Frame-W - Yellow. 44;FR-R72Y-44;594.83;14;Yellow;44;2.3;Garde-boue adapté à la plupart des VTT.;375;17
836;ML Road Frame-W - Yellow. 48;FR-R72Y-48;594.83;14;Yellow;48;2.34;Combinaison de fibres naturelles et synthétiques . reste sèche et offre le confort nécessaire.;375;17
837;HL Road Frame - Black. 62;FR-R92B-62;1431.5;14;Black;62;2.3;Très pratique. Tient dans la poche. Corps en aluminium. 11.2 bars.;375;6
838;HL Road Frame - Black. 44;FR-R92B-44;1431.5;14;Black;44;2.12;Conçu pour l'équipe professionnelle AWC. à bretelles. contrôle de l'humidité. peau de chamois et bande anti-remontée.;375;6
839;HL Road Frame - Black. 48;FR-R92B-48;1431.5;14;Black;48;2.16;Fabrication en nylon résistant étanche d'accès facile. Suffisamment grand pour les randonnées du week-end.;375;6
840;HL Road Frame - Black. 52;FR-R92B-52;1431.5;14;Black;52;2.2;Entièrement rembourré. amélioration de la souplesse de mouvement des doigts. paume renforcée. fermeture réglable.;375;6
841;Men's Sports Shorts. S;SH-M897-S;59.99;22;Black;S;;Paume synthétique. poignets souples. ouverture maillée anti-transpiration. Adopté par les professionnels de l'équipe AWC.;3;13
842;Touring-Panniers. Large;PA-T100;125;35;Grey;;;Cuissards résistants à l'usure pour utilisation intensive. doublés à l'intérieur en Spandex. sans couture. peau de chamois anti-bactérie pour un meilleur confort.;3;120
843;Cable Lock;LO-C100;25;34;;;;Comprend 8 rustines de tailles différentes. de la colle et du papier de verre.;3;115
844;Minipump;PU-0452;19.99;36;;;;Sacs légers et résistants au vent . tiennent dans la poche.;3;116
845;Mountain Pump;PU-M044;24.99;36;;;;Cuissards de course pour hommes - en Spandex avec un élastique à la ceinture et bande anti-remontée.;3;117
846;Taillights - Battery-Powered;LT-T990;13.99;33;;;;Support de type home trainer idéal pour vous entraîner en intérieur (pour tous les modèles de vélo). Fixations rapides. fabrication en acier.;3;108
847;Headlights - Dual-Beam;LT-H902;34.99;33;;;;Feu avant rechargeable à deux faisceaux.;3;109
848;Headlights - Weatherproof;LT-H903;44.99;33;;;;Feu avant robuste.;3;110
849;Men's Sports Shorts. M;SH-M897-M;59.99;22;Black;M;;Maillot manches courtes classique et anti-transpiration avec contrôle de l'humidité. fermeture avant à glissière et 3 poches arrière.;3;13
850;Men's Sports Shorts. L;SH-M897-L;59.99;22;Black;L;;Simple et léger. Rustines de secours rangées dans la poignée.;3;13
851;Men's Sports Shorts. XL;SH-M897-X;59.99;22;Black;XL;;Fin. léger et résistant avec des poignets qui restent en place.;3;13
852;Women's Tights. S;TG-W091-S;74.99;24;Black;S;;Porte-bidon en aluminium robuste qui maintient le bidon sur les terrains accidentés.;3;38
853;Women's Tights. M;TG-W091-M;74.99;24;Black;M;;Style classique avec une visière relevable . taille unique.;3;38
854;Women's Tights. L;TG-W091-L;74.99;24;Black;L;;Maillot de cycliste en microfibre avec le logo de l'équipe AWV. manches longues. unisexe.;3;38
855;Men's Bib-Shorts. S;SB-M891-S;89.99;18;Multi;S;;Légère. aérée. taille unique. avec une visière amovible.;3;12
856;Men's Bib-Shorts. M;SB-M891-M;89.99;18;Multi;M;;Sac d'hydratation de 3 l polyvalent. Permet de stocker des aliments supplémentaires. Facile d'accès et fourni avec une ceinture.;3;12
857;Men's Bib-Shorts. L;SB-M891-L;89.99;18;Multi;L;;Collants chauds en Spandex pour l'hiver . fabrication en chamoisine sans couture pour éliminer les points de frottement.;3;12
858;Half-Finger Gloves. S;GL-H102-S;24.49;20;Black;S;;Nettoie les saletés . dissout la graisse. Protège l'environnement. Bouteille d'1 litre.;3;4
859;Half-Finger Gloves. M;GL-H102-M;24.49;20;Black;M;;S'enroule pour s'adapter aux pneus avant et arrière. sac et deux clés fournis.;3;4
860;Half-Finger Gloves. L;GL-H102-L;24.49;20;Black;L;;Chaque cadre est fabriqué artisanalement dans notre atelier de Bordeaux afin d'obtenir le diamètre et l'épaisseur adaptés à un vélo tout-terrain de premier choix. Le cadre en aluminium soudé à chaud présente un tube d'un plus grand diamètre. afin d'absorber les bosses.;3;4
861;Full-Finger Gloves. S;GL-F110-S;37.99;20;Black;S;;;3;3
862;Full-Finger Gloves. M;GL-F110-M;37.99;20;Black;M;;;3;3
863;Full-Finger Gloves. L;GL-F110-L;37.99;20;Black;L;;;3;3
864;Classic Vest. S;VE-C304-S;63.5;25;Blue;S;;;3;1
865;Classic Vest. M;VE-C304-M;63.5;25;Blue;M;;;3;1
866;Classic Vest. L;VE-C304-L;63.5;25;Blue;L;;;3;1
867;Women's Mountain Shorts. S;SH-W890-S;69.99;22;Black;S;;;3;37
868;Women's Mountain Shorts. M;SH-W890-M;69.99;22;Black;M;;;3;37
869;Women's Mountain Shorts. L;SH-W890-L;69.99;22;Black;L;;;3;37
870;Water Bottle - 30 oz.;WB-H098;4.99;28;;;;;3;111
871;Mountain Bottle Cage;BC-M005;9.99;28;;;;;3;112
872;Road Bottle Cage;BC-R205;8.99;28;;;;;3;113
873;Patch Kit/8 Patches;PK-7098;2.29;37;;;;;3;114
874;Racing Socks. M;SO-R809-M;8.99;23;White;M;;;3;24
875;Racing Socks. L;SO-R809-L;8.99;23;White;L;;;3;24
876;Hitch Rack - 4-Bike;RA-H123;120;26;;;;;3;118
877;Bike Wash - Dissolver;CL-9009;7.95;29;;;;;3;119
878;Fender Set - Mountain;FE-6654;21.98;30;;;;;3;121
879;All-Purpose Bike Stand;ST-1401;159;27;;;;;3;122
880;Hydration Pack - 70 oz.;HY-1023-70;54.99;32;Silver;70;;;3;107
881;Short-Sleeve Classic Jersey. S;SJ-0194-S;53.99;21;Yellow;S;;;3;32
882;Short-Sleeve Classic Jersey. M;SJ-0194-M;53.99;21;Yellow;M;;;3;32
883;Short-Sleeve Classic Jersey. L;SJ-0194-L;53.99;21;Yellow;L;;;3;32
884;Short-Sleeve Classic Jersey. XL;SJ-0194-X;53.99;21;Yellow;XL;;;3;32
885;HL Touring Frame - Yellow. 60;FR-T98Y-60;1003.91;16;Yellow;60;3.08;;375;7
886;LL Touring Frame - Yellow. 62;FR-T67Y-62;333.42;16;Yellow;62;3.2;;375;10
887;HL Touring Frame - Yellow. 46;FR-T98Y-46;1003.91;16;Yellow;46;2.96;;375;7
888;HL Touring Frame - Yellow. 50;FR-T98Y-50;1003.91;16;Yellow;50;3;;375;7
889;HL Touring Frame - Yellow. 54;FR-T98Y-54;1003.91;16;Yellow;54;3.04;;375;7
890;HL Touring Frame - Blue. 46;FR-T98U-46;1003.91;16;Blue;46;2.96;;375;7
891;HL Touring Frame - Blue. 50;FR-T98U-50;1003.91;16;Blue;50;3;;375;7
892;HL Touring Frame - Blue. 54;FR-T98U-54;1003.91;16;Blue;54;3.04;;375;7
893;HL Touring Frame - Blue. 60;FR-T98U-60;1003.91;16;Blue;60;3.08;;375;7
894;Rear Derailleur;RD-2308;121.46;9;Silver;;215;;375;127
895;LL Touring Frame - Blue. 50;FR-T67U-50;333.42;16;Blue;50;3.1;;375;10
896;LL Touring Frame - Blue. 54;FR-T67U-54;333.42;16;Blue;54;3.14;;375;10
897;LL Touring Frame - Blue. 58;FR-T67U-58;333.42;16;Blue;58;3.16;;375;10
898;LL Touring Frame - Blue. 62;FR-T67U-62;333.42;16;Blue;62;3.2;;375;10
899;LL Touring Frame - Yellow. 44;FR-T67Y-44;333.42;16;Yellow;44;3.02;;375;10
900;LL Touring Frame - Yellow. 50;FR-T67Y-50;333.42;16;Yellow;50;3.1;;375;10
901;LL Touring Frame - Yellow. 54;FR-T67Y-54;333.42;16;Yellow;54;3.14;;375;10
902;LL Touring Frame - Yellow. 58;FR-T67Y-58;333.42;16;Yellow;58;3.16;;375;10
903;LL Touring Frame - Blue. 44;FR-T67U-44;333.42;16;Blue;44;3.02;;375;10
904;ML Mountain Frame-W - Silver. 40;FR-M63S-40;364.09;12;Silver;40;2.77;;375;15
905;ML Mountain Frame-W - Silver. 42;FR-M63S-42;364.09;12;Silver;42;2.81;;375;15
906;ML Mountain Frame-W - Silver. 46;FR-M63S-46;364.09;12;Silver;46;2.85;;375;15
907;Rear Brakes;RB-9231;106.5;6;Silver;;317;;375;128
908;LL Mountain Seat/Saddle;SE-M236;27.12;15;;;;;375;79
909;ML Mountain Seat/Saddle;SE-M798;39.14;15;;;;;375;80
910;HL Mountain Seat/Saddle;SE-M940;52.64;15;;;;;375;81
911;LL Road Seat/Saddle;SE-R581;27.12;15;;;;;375;82
912;ML Road Seat/Saddle;SE-R908;39.14;15;;;;;375;83
913;HL Road Seat/Saddle;SE-R995;52.64;15;;;;;375;84
914;LL Touring Seat/Saddle;SE-T312;27.12;15;;;;;375;66
915;ML Touring Seat/Saddle;SE-T762;39.14;15;;;;;375;65
916;HL Touring Seat/Saddle;SE-T924;52.64;15;;;;;375;67
917;LL Mountain Frame - Silver. 42;FR-M21S-42;264.05;12;Silver;42;2.92;;375;8
918;LL Mountain Frame - Silver. 44;FR-M21S-44;264.05;12;Silver;44;2.96;;375;8
919;LL Mountain Frame - Silver. 48;FR-M21S-48;264.05;12;Silver;48;3;;375;8
920;LL Mountain Frame - Silver. 52;FR-M21S-52;264.05;12;Silver;52;3.04;;375;8
921;Mountain Tire Tube;TT-M928;4.99;37;;;;;375;92
922;Road Tire Tube;TT-R982;3.99;37;;;;;375;93
923;Touring Tire Tube;TT-T092;4.99;37;;;;;375;94
924;LL Mountain Frame - Black. 42;FR-M21B-42;249.79;12;Black;42;2.92;;375;8
925;LL Mountain Frame - Black. 44;FR-M21B-44;249.79;12;Black;44;2.96;;375;8
926;LL Mountain Frame - Black. 48;FR-M21B-48;249.79;12;Black;48;3;;375;8
927;LL Mountain Frame - Black. 52;FR-M21B-52;249.79;12;Black;52;3.04;;375;8
928;LL Mountain Tire;TI-M267;24.99;37;;;;;375;85
929;ML Mountain Tire;TI-M602;29.99;37;;;;;375;86
930;HL Mountain Tire;TI-M823;35;37;;;;;375;87
931;LL Road Tire;TI-R092;21.49;37;;;;;375;88
932;ML Road Tire;TI-R628;24.99;37;;;;;375;89
933;HL Road Tire;TI-R982;32.6;37;;;;;375;90
934;Touring Tire;TI-T723;28.99;37;;;;;375;91
935;LL Mountain Pedal;PD-M282;40.49;13;Silver/Black;;218;;375;62
936;ML Mountain Pedal;PD-M340;62.09;13;Silver/Black;;215;;375;63
937;HL Mountain Pedal;PD-M562;80.99;13;Silver/Black;;185;;375;64
938;LL Road Pedal;PD-R347;40.49;13;Silver/Black;;189;;375;68
939;ML Road Pedal;PD-R563;62.09;13;Silver/Black;;168;;375;69
940;HL Road Pedal;PD-R853;80.99;13;Silver/Black;;149;;375;70
941;Touring Pedal;PD-T852;80.99;13;Silver/Black;;;;375;53
942;ML Mountain Frame-W - Silver. 38;FR-M63S-38;364.09;12;Silver;38;2.73;;375;15
943;LL Mountain Frame - Black. 40;FR-M21B-40;249.79;12;Black;40;2.88;;375;8
944;LL Mountain Frame - Silver. 40;FR-M21S-40;264.05;12;Silver;40;2.88;;375;8
945;Front Derailleur;FD-2342;91.49;9;Silver;;88;;375;103
946;LL Touring Handlebars;HB-T721;46.09;4;;;;;375;47
947;HL Touring Handlebars;HB-T928;91.57;4;;;;;375;48
948;Front Brakes;FB-9873;106.5;6;Silver;;317;;375;102
949;LL Crankset;CS-4759;175.49;8;Black;;600;;375;99
950;ML Crankset;CS-6583;256.49;8;Black;;635;;375;100
951;HL Crankset;CS-9183;404.99;8;Black;;575;;375;101
952;Chain;CH-0234;20.24;7;Silver;;;;375;98
953;Touring-2000 Blue. 60;BK-T44U-60;1214.85;3;Blue;60;27.9;;75;35
954;Touring-1000 Yellow. 46;BK-T79Y-46;2384.07;3;Yellow;46;25.13;;75;34
955;Touring-1000 Yellow. 50;BK-T79Y-50;2384.07;3;Yellow;50;25.42;;75;34
956;Touring-1000 Yellow. 54;BK-T79Y-54;2384.07;3;Yellow;54;25.68;;75;34
957;Touring-1000 Yellow. 60;BK-T79Y-60;2384.07;3;Yellow;60;25.9;;75;34
958;Touring-3000 Blue. 54;BK-T18U-54;742.35;3;Blue;54;29.68;;75;36
959;Touring-3000 Blue. 58;BK-T18U-58;742.35;3;Blue;58;29.9;;75;36
960;Touring-3000 Blue. 62;BK-T18U-62;742.35;3;Blue;62;30;;75;36
961;Touring-3000 Yellow. 44;BK-T18Y-44;742.35;3;Yellow;44;28.77;;75;36
962;Touring-3000 Yellow. 50;BK-T18Y-50;742.35;3;Yellow;50;29.13;;75;36
963;Touring-3000 Yellow. 54;BK-T18Y-54;742.35;3;Yellow;54;29.42;;75;36
964;Touring-3000 Yellow. 58;BK-T18Y-58;742.35;3;Yellow;58;29.79;;75;36
965;Touring-3000 Yellow. 62;BK-T18Y-62;742.35;3;Yellow;62;30;;75;36
966;Touring-1000 Blue. 46;BK-T79U-46;2384.07;3;Blue;46;25.13;;75;34
967;Touring-1000 Blue. 50;BK-T79U-50;2384.07;3;Blue;50;25.42;;75;34
968;Touring-1000 Blue. 54;BK-T79U-54;2384.07;3;Blue;54;25.68;;75;34
969;Touring-1000 Blue. 60;BK-T79U-60;2384.07;3;Blue;60;25.9;;75;34
970;Touring-2000 Blue. 46;BK-T44U-46;1214.85;3;Blue;46;27.13;;75;35
971;Touring-2000 Blue. 50;BK-T44U-50;1214.85;3;Blue;50;27.42;;75;35
972;Touring-2000 Blue. 54;BK-T44U-54;1214.85;3;Blue;54;27.68;;75;35
973;Road-350-W Yellow. 40;BK-R79Y-40;1700.99;2;Yellow;40;15.35;;75;27
974;Road-350-W Yellow. 42;BK-R79Y-42;1700.99;2;Yellow;42;15.77;;75;27
975;Road-350-W Yellow. 44;BK-R79Y-44;1700.99;2;Yellow;44;16.13;;75;27
976;Road-350-W Yellow. 48;BK-R79Y-48;1700.99;2;Yellow;48;16.42;;75;27
977;Road-750 Black. 58;BK-R19B-58;539.99;2;Black;58;20.79;;75;31
978;Touring-3000 Blue. 44;BK-T18U-44;742.35;3;Blue;44;28.77;;75;36
979;Touring-3000 Blue. 50;BK-T18U-50;742.35;3;Blue;50;29.13;;75;36
980;Mountain-400-W Silver. 38;BK-M38S-38;769.49;1;Silver;38;26.35;;75;22
981;Mountain-400-W Silver. 40;BK-M38S-40;769.49;1;Silver;40;26.77;;75;22
982;Mountain-400-W Silver. 42;BK-M38S-42;769.49;1;Silver;42;27.13;;75;22
983;Mountain-400-W Silver. 46;BK-M38S-46;769.49;1;Silver;46;27.42;;75;22
984;Mountain-500 Silver. 40;BK-M18S-40;564.99;1;Silver;40;27.35;;75;23
985;Mountain-500 Silver. 42;BK-M18S-42;564.99;1;Silver;42;27.77;;75;23
986;Mountain-500 Silver. 44;BK-M18S-44;564.99;1;Silver;44;28.13;;75;23
987;Mountain-500 Silver. 48;BK-M18S-48;564.99;1;Silver;48;28.42;;75;23
988;Mountain-500 Silver. 52;BK-M18S-52;564.99;1;Silver;52;28.68;;75;23
989;Mountain-500 Black. 40;BK-M18B-40;539.99;1;Black;40;27.35;;75;23
990;Mountain-500 Black. 42;BK-M18B-42;539.99;1;Black;42;27.77;;75;23
991;Mountain-500 Black. 44;BK-M18B-44;539.99;1;Black;44;28.13;;75;23
992;Mountain-500 Black. 48;BK-M18B-48;539.99;1;Black;48;28.42;;75;23
993;Mountain-500 Black. 52;BK-M18B-52;539.99;1;Black;52;28.68;;75;23
994;LL Bottom Bracket;BB-7421;53.99;5;;;223;;375;95
995;ML Bottom Bracket;BB-8107;101.24;5;;;168;;375;96
996;HL Bottom Bracket;BB-9108;121.49;5;;;170;;375;97
997;Road-750 Black. 44;BK-R19B-44;539.99;2;Black;44;19.77;;75;31
998;Road-750 Black. 48;BK-R19B-48;539.99;2;Black;48;20.13;;75;31
999;Road-750 Black. 52;BK-R19B-52;539.99;2;Black;52;20.42;;75;31
